年份,地区,新能源渗透率,wind_spot_price_cny_per_kwh,solar_spot_price_cny_per_kwh,全年负电价频率,风电度电收益_存量,光伏度电收益_存量,风电度电收益_增量,光伏度电收益_增量
2027,山东,0.5201819168551556,0.12811312150071477,0.026066291603582314,0.2052283105022831,0.3415426243001429,0.2311198874810747,0.20562262430014297,0.18521325832071647
2028,山东,0.5617703988201687,0.13309034177516876,0.016715980891959227,0.21463470319634703,0.34253806835503375,0.22831479426758777,0.20661806835503377,0.18334319617839187
2029,山东,0.5956217376309973,0.13806756204962278,0.007365670180336133,0.22404109589041096,0.3435335124099245,0.22550970105410084,0.20761351240992457,0.18147313403606724
2030,山东,0.6237113159683368,0.1430447823240768,-0.0019846405312869547,0.2334474885844749,0.34452895646481535,0.2227046078406139,0.20860895646481536,0.17960307189374264
2031,山东,0.6366799850689162,0.13494864937380302,-0.007616720143247393,0.2520091324200913,0.3429097298747606,0.2210149839570258,0.2069897298747606,0.17847665597135054
2032,山东,0.6483614677995561,0.12685251642352924,-0.013248799755207832,0.27057077625570775,0.34129050328470584,0.21932536007343764,0.20537050328470585,0.17735024004895847
2033,山东,0.6589383402136926,0.11875638347325546,-0.01888087936716827,0.2891324200913242,0.3396712766946511,0.21763573618984952,0.2037512766946511,0.17622382412656637
2034,山东,0.6685602081360807,0.11066025052298167,-0.024512958979128713,0.30769406392694065,0.3380520501045963,0.21594611230626137,0.20213205010459634,0.17509740820417427
2035,山东,0.6773508280351739,0.10256411757270789,-0.030145038591089152,0.3262557077625571,0.33643282351454157,0.21425648842267325,0.20051282351454158,0.1739709922817822
