year,national_solar_capacity_mw,national_solar_capacity_gw,assumption_note
2025,1200000,1200.0,NEA_2025_renewable_grid_connected_statistics
2026,1380000,1380.0,CPIA_2026_additions_180_240GW_general_case_180GW
2030,2390000,2390.0,CPIA_15th_Five_annual_avg_addition_238_287GW_general_case_238GW
2035,3580000,3580.0,Post_2030_extension_keep_annual_addition_238GW
2040,4770000,4770.0,Post_2030_extension_keep_annual_addition_238GW
2045,5960000,5960.0,Post_2030_extension_keep_annual_addition_238GW
2050,7150000,7150.0,Post_2030_extension_keep_annual_addition_238GW
2055,8340000,8340.0,Post_2030_extension_keep_annual_addition_238GW
2060,9530000,9530.0,Post_2030_extension_keep_annual_addition_238GW
